0.0001,-0.0
0.1002,5.333627118031852e-39
0.2003,-9.705151240895475e-26
0.3004,3.0059227326238187e-25
0.4005,-9.08192465554137e-24
0.5006,-5.761540518354423e-23
0.6007,2.155663743014464e-22
0.7008,8.497991399097707e-23
0.8009,7.729697846771198e-23
0.901,3.039360715174134e-22
1.0011,-1.0735350932488345e-21
1.1012,6.40504194346906e-22
1.2013,-1.2131151552062924e-21
1.3014,4.665948144503913e-22
1.4015,1.2280591875791057e-21
1.5016,-1.0909820698497057e-20
1.6017,7.729422897541806e-21
1.7018,-4.902302926048109e-21
1.8019,5.586243688950857e-21
1.902,2.715144811521737e-20
2.0021,6.907771935200447e-21
2.1022,4.1583954026197745e-20
2.2023,5.099594622792601e-20
2.3024,-1.6641059779284053e-20
2.4025,5.749984025160982e-20
2.5026,8.380266564408295e-20
2.6027,-2.79961520972974e-20
2.7028,6.415479546400115e-21
2.8029,1.1973799203863205e-19
2.903,8.887921841681948e-20
3.0031,3.710931800669534e-19
3.1032,9.946270767551873e-20
3.2033,4.635486177678699e-20
3.3034,1.3897169952244537e-19
3.4035,3.687432892917788e-19
3.5036,-2.807884064438418e-19
3.6037,2.8055302368165994e-19
3.7038,9.508340396873935e-20
3.8039,1.0929049514851794e-19
3.904,3.0761532302519077e-19
4.0041,5.41336804869139e-19
4.1042,9.393639805823666e-20
4.2043,2.0318253899699194e-19
4.3044,1.5994339561590283e-19
4.4045,2.132809985371854e-19
4.5046,3.3425610985912766e-19
4.6047,1.608476334551977e-19
4.7048,1.7930661120372258e-19
4.8049,1.7483542943785297e-19
4.905,2.4715862323819275e-19
5.0051,2.8829377969227954e-19
5.1052,2.8786609593763976e-19
5.2053,7.039182938225953e-19
5.3054,1.0299068908629666e-19
5.4055,4.307355789742912e-19
5.5056,3.570233980393959e-20
5.6057,5.274068146655941e-19
5.7058,5.500597402811326e-19
5.8059,-1.0215565065774375e-19
5.906,5.295669553852374e-19
6.0061,3.620334902151068e-19
6.1062,3.8800688925399577e-19
6.2063,4.058496750999585e-19
6.3064,-5.3718663506142284e-21
6.4065,1.0961528859381106e-18
6.5066,3.1329882582823596e-20
6.6067,4.529049891191989e-19
6.7068,6.389677698095744e-19
6.8069,4.500497696984416e-19
6.907,7.333788182536129e-19
7.0071,3.444956372275464e-19
7.1072,-3.19608457576223e-20
7.2073,2.9435420554135943e-19
7.3074,-3.65035937009641e-19
7.4075,-3.683489931105734e-19
7.5076,-2.0350450031200771e-19
7.6077,-9.877895779078105e-21
7.7078,-2.3941453656008597e-19
7.8079,7.855748082983988e-19
7.908,3.635471604330773e-20
8.0081,5.787778501301374e-19
8.1082,-2.766271709210944e-19
8.2083,-7.906100841241417e-20
8.3084,-4.795357877543435e-19
8.4085,5.650789264708473e-20
8.5086,1.5075212324503427e-19
8.6087,-2.490659081727728e-19
8.7088,-4.534875822010932e-19
8.8089,-3.0650122004786787e-19
8.909,3.7556703958591414e-19
9.0091,5.749934933751034e-19
9.1092,-5.34724381808995e-19
9.2093,3.537954052707841e-19
9.3094,3.3024828288070304e-19
9.4095,-9.325988824553538e-20
9.5096,-1.7163072433944813e-19
9.6097,-2.2339852075467977e-19
9.7098,-2.178447984267417e-19
9.8099,-4.831710188338948e-19
9.91,-3.4688865006138765e-19
10.0101,1.356720574111742e-19
10.1102,-5.80546245244293e-19
10.2103,-3.246876386432891e-20
10.3104,-1.08425410140119e-19
10.4105,-1.0073925829977107e-19
10.5106,2.437542038727947e-19
10.6107,-6.951294249507528e-19
10.7108,-1.075366849048908e-19
10.8109,3.6140201433395234e-19
10.911,5.306686089969563e-19
11.0111,4.716853861381194e-20
11.1112,3.321293751522883e-19
11.2113,1.3040098047781518e-19
11.3114,1.8443126073317372e-19
11.4115,-5.820111949487738e-20
11.5116,-2.1686340974512165e-19
11.6117,-5.759927236284189e-19
11.7118,-1.06399285375643e-19
11.8119,-1.0672005139402582e-19
11.912,-5.676739310262146e-20
12.0121,-7.19018504191035e-19
12.1122,7.0900092526964205e-19
12.2123,4.2665792081476407e-19
12.3124,-3.2246497343540803e-19
12.4125,-3.2674436545223414e-19
12.5126,-6.976432710141062e-20
12.6127,-1.448576756467157e-19
12.7128,-3.488496682114151e-19
12.8129,-1.1565419166350308e-19
12.913,-4.348985950197292e-19
13.0131,4.6515795533321155e-19
13.1132,-4.2280013072026973e-19
13.2133,3.139382286922179e-19
13.3134,-6.036220168765568e-19
13.4135,-1.9345021178552653e-19
13.5136,2.1596228726309845e-19
13.6137,-1.0409402767406018e-19
13.7138,-1.6961418806912472e-19
13.8139,5.077482096832131e-19
13.914,6.103553825080473e-19
14.0141,1.6026341795477904e-20
14.1142,-3.3099242975918705e-19
14.2143,-2.7454368180361597e-19
14.3144,1.4911287195059978e-19
14.4145,-1.7871000047675365e-19
14.5146,1.0753950902487379e-19
14.6147,9.32829720711646e-20
14.7148,8.776785927085963e-19
14.8149,-3.4500949451811065e-19
14.915,2.4668190794154083e-19
15.0151,-7.39500879453214e-19
15.1152,4.14248515809066e-19
15.2153,9.040593745951655e-20
15.3154,-8.689538980972645e-20
15.4155,1.9622150129986093e-19
15.5156,-4.1963508804125107e-19
15.6157,-4.055220496563844e-19
15.7158,-5.0039516500297336e-20
15.8159,-1.1938371882114645e-19
15.916,4.452529864436725e-19
16.0161,-2.397090093414309e-19
16.1162,-5.835338869574917e-19
16.2163,6.189924770335912e-19
16.3164,1.279186744913042e-19
16.4165,4.853235037849037e-19
16.5166,9.343700573767015e-19
16.6167,-1.4058111527903986e-19
16.7168,7.047296658477753e-19
16.8169,5.705142005434893e-19
16.917,-9.14075854809939e-19
17.0171,2.1034502354804261e-19
17.1172,-8.799573559180756e-19
17.2173,-7.982351190187042e-19
17.3174,5.420827762988751e-19
17.4175,-3.1663775167111124e-19
17.5176,-3.2474299566805753e-19
17.6177,-1.226242669884617e-19
17.7178,8.824830408978828e-20
17.8179,4.724484113934381e-19
17.918,4.542152870642764e-19
18.0181,-3.00896448852156e-19
18.1182,-5.710573839525932e-19
18.2183,9.980071760638899e-20
18.3184,8.905707884068761e-20
18.4185,-4.978666036735931e-19
18.5186,8.311347992621833e-19
18.6187,4.653533547350718e-20
18.7188,3.7639230454537197e-19
18.8189,1.1959094990903337e-19
18.919,-1.7274702573575072e-19
19.0191,-6.000190950006882e-19
19.1192,2.2889424798860894e-19
19.2193,1.3730974486698926e-19
19.3194,-6.284049406032972e-19
19.4195,1.6269014690567856e-19
19.5196,-2.333500970575276e-19
19.6197,1.71297200017232e-19
19.7198,-1.0448242923046199e-19
19.8199,2.7492276918867433e-19
19.92,7.173316602895601e-19
20.0201,2.2058178764526723e-19
20.1202,-6.087017600729309e-20
20.2203,4.131665453639452e-19
20.3204,-1.833409997355619e-19
20.4205,5.3827941255892356e-20
20.5206,-3.0461596362234374e-19
20.6207,1.3882656901700175e-19
20.7208,-1.8669929070544832e-19
20.8209,-3.3552801322551676e-19
20.921,-1.5602375206255608e-19
21.0211,-7.458588224940917e-21
21.1212,8.22539430903908e-19
21.2213,-2.831829230733213e-19
21.3214,7.881871462240723e-19
21.4215,3.1018001916611517e-22
21.5216,2.221781705886892e-19
21.6217,-6.682256664842214e-20
21.7218,-1.8648764306111767e-19
21.8219,-1.2040131932908492e-19
21.922,1.5950408103511983e-19
22.0221,-3.7366457542923456e-19
22.1222,2.800260324831403e-19
22.2223,2.9849460755532043e-19
22.3224,-7.455519708896108e-19
22.4225,-5.480699590810618e-20
22.5226,-1.101850917542514e-18
22.6227,1.6702591531480006e-19
22.7228,-3.7290604623639306e-20
22.8229,-2.5845740493442885e-19
22.923,4.6179183767101755e-19
23.0231,4.0278664867920955e-19
23.1232,-1.5609412940456638e-19
23.2233,6.313105823040413e-20
23.3234,-2.8225568015676308e-19
23.4235,-5.584371709449373e-19
23.5236,7.328327575261761e-19
23.6237,-2.436469191174675e-19
23.7238,3.2960837545225565e-19
23.8239,2.616652336812089e-19
23.924,4.546991071697151e-20
24.0241,5.819099002503261e-19
24.1242,9.911598270423958e-20
24.2243,-2.6385191460605703e-20
24.3244,7.448559015749364e-19
24.4245,4.510089121080866e-19
24.5246,1.276683610880439e-19
24.6247,4.598023123130116e-20
24.7248,3.3057613887330703e-19
24.8249,-3.4212350612517644e-19
24.925,7.14491877411693e-19
25.0251,-3.688865151806083e-19
25.1252,-6.374830242329864e-19
25.2253,4.629842663992089e-19
25.3254,-5.155236196568063e-19
25.4255,2.7758763757145445e-19
25.5256,-4.028511546371013e-19
25.6257,-4.864950822582769e-19
25.7258,-5.097867752687406e-19
25.8259,3.194120466235976e-19
25.926,-5.590837851762259e-19
26.0261,-6.23061915796651e-19
26.1262,-7.899425130302221e-20
26.2263,2.439141985422425e-19
26.3264,1.1674757855211195e-19
26.4265,4.270499815447602e-19
26.5266,5.835520581076347e-19
26.6267,2.9881663487362217e-19
26.7268,1.5807064079834078e-19
26.8269,-6.172467887394939e-19
26.927,2.1496149220329086e-19
27.0271,2.251077484388558e-19
27.1272,6.661006145775676e-19
27.2273,-1.581856349145379e-19
27.3274,2.9002509209563574e-19
27.4275,-2.9815199568589725e-20
27.5276,1.7109171781226317e-19
27.6277,2.247254859283033e-19
27.7278,3.426006238091465e-19
27.8279,-3.08099358956015e-19
27.928,4.348414038201161e-19
28.0281,4.0482219077008007e-20
28.1282,2.2678811317475426e-19
28.2283,1.350993376432441e-19
28.3284,-3.6723431471736895e-19
28.4285,-4.1146927017361497e-19
28.5286,1.2633680551166522e-20
28.6287,4.056224926752531e-19
28.7288,5.353222198049343e-20
28.8289,2.4481631679706827e-19
28.929,-1.0023173301192902e-19
29.0291,-5.303444961456553e-19
29.1292,6.3923230236287e-20
29.2293,-1.1264568050285213e-19
29.3294,7.355852747929476e-19
29.4295,2.753591890051433e-19
29.5296,1.4275186269010702e-19
29.6297,2.468048876996147e-19
29.7298,3.088954390271966e-19
29.8299,1.2092202638148902e-19
29.93,5.066579263701847e-19
30.0301,-2.333918778495932e-19
30.1302,9.652976440607208e-19
30.2303,1.3807506218409038e-20
30.3304,7.67723828203218e-21
30.4305,-3.626537298932137e-19
30.5306,-7.855435602499647e-20
30.6307,-4.903125593445087e-19
30.7308,3.9116463022999822e-19
30.8309,-1.0316859967018075e-19
30.931,-4.455115342235321e-19
31.0311,-8.342838860364933e-20
31.1312,1.838710471971047e-19
31.2313,5.232709906037273e-19
31.3314,4.0770009815473733e-19
31.4315,-3.9458674670395075e-19
31.5316,4.238432435803917e-19
31.6317,4.487894167597424e-19
31.7318,-2.184295925160431e-19
31.8319,-2.5623984535702024e-19
31.932,8.15482620850775e-20
32.0321,2.0286703692215384e-19
32.1322,4.223524066709688e-19
32.2323,6.965928285603946e-19
32.3324,-5.527182586914274e-19
32.4325,-6.032412479342523e-19
32.5326,-1.053160597575337e-19
32.6327,1.436189465965667e-19
32.7328,-4.861787929655514e-19
32.8329,-2.0205809443053444e-19
32.933,-3.5622512171927213e-19
33.0331,1.062507247530804e-21
33.1332,-5.052580700238799e-19
33.2333,-7.349127542563837e-20
33.3334,-1.3960584689270411e-18
33.4335,-7.830514243475178e-19
33.5336,-5.633314992184337e-20
33.6337,-3.120690606060193e-19
33.7338,-3.7977853878459157e-19
33.8339,-1.6655070556396476e-19
33.934,-5.738655240406582e-19
34.0341,1.4735700585816732e-19
34.1342,-9.915355134071225e-20
34.2343,-6.865128685540655e-19
34.3344,-2.022836843344189e-19
34.4345,-8.626548912997027e-19
34.5346,1.646800568982854e-19
34.6347,2.831220018309317e-19
34.7348,6.448585683102442e-19
34.8349,7.0131743696597e-20
34.935,-3.503747855026569e-19
35.0351,-1.9691943344491573e-19
35.1352,-5.84173640569334e-19
35.2353,-5.43254148144412e-19
35.3354,1.6065162931586205e-19
35.4355,7.319966373706017e-19
35.5356,1.9395047481170424e-19
35.6357,-4.433722234044104e-19
35.7358,-3.977391607519083e-19
35.8359,1.269398260381602e-19
35.936,-1.2214655950651118e-18
36.0361,-2.608183025543631e-19
36.1362,-1.1788809308184933e-19
36.2363,9.347475693755392e-20
36.3364,4.544254239856621e-19
36.4365,-3.9089333902952693e-19
36.5366,-2.5568359262964063e-21
36.6367,6.803522074313705e-19
36.7368,-4.974625833088437e-19
36.8369,2.216934355434515e-19
36.937,-6.399283831711367e-19
37.0371,-2.176368277527582e-19
37.1372,-7.675953894202921e-19
37.2373,-9.315925791794472e-20
37.3374,1.4079005965636152e-19
37.4375,7.466460274156651e-19
37.5376,4.033157804301724e-19
37.6377,5.290129274799324e-19
37.7378,-4.359252341717648e-19
37.8379,2.3613369878835627e-19
37.938,2.2577459588214034e-19
38.0381,-1.1210240378785634e-19
38.1382,2.917386418615088e-20
38.2383,4.624733328502906e-19
38.3384,-3.009466636447053e-19
38.4385,7.084811634846135e-19
38.5386,-4.1068824007574575e-19
38.6387,-4.54389103369466e-19
38.7388,-1.0248554096688568e-19
38.8389,3.499568198184339e-19
38.939,6.811807181954186e-19
39.0391,6.190400909491365e-19
39.1392,-6.812056390097382e-19
39.2393,-1.8618711515779355e-19
39.3394,3.7758165912813e-19
39.4395,3.210027062003438e-19
39.5396,-1.0059691669726425e-19
39.6397,-7.50587805690747e-19
39.7398,-5.440985235312127e-20
39.8399,3.92294525836209e-19
39.94,-2.4291413948892496e-19
40.0401,-1.4175425230927928e-19
40.1402,7.54658423289499e-19
40.2403,-2.913122208851657e-19
40.3404,1.2188305857205188e-19
40.4405,-6.452906510051157e-19
40.5406,-5.97856178205704e-19
40.6407,3.2521458604455918e-19
40.7408,2.34339984711345e-19
40.8409,-6.602661985572473e-20
40.941,-5.612609402110006e-19
41.0411,7.0981403472880765e-19
41.1412,-2.573625211986356e-19
41.2413,-7.609046014256986e-20
41.3414,6.337541918599216e-19
41.4415,8.865596210159356e-19
41.5416,-7.840054929715238e-19
41.6417,1.0667379021163289e-19
41.7418,-7.45596658368644e-20
41.8419,1.3186477143201116e-19
41.942,1.214786053610172e-18
42.0421,-3.54651722969635e-19
42.1422,-7.009649742542355e-20
42.2423,4.915202733151729e-19
42.3424,2.05374772495664e-19
42.4425,6.052037078613734e-19
42.5426,3.4881262818570333e-19
42.6427,-3.7896357684145417e-19
42.7428,6.909488753015804e-19
42.8429,-6.49335273747071e-19
42.943,-3.4514822927212816e-19
43.0431,3.7938992156878466e-19
43.1432,4.389297539646219e-19
43.2433,-5.464510120575638e-19
43.3434,5.670097085140832e-20
43.4435,5.01538964019998e-19
43.5436,-9.55310944744161e-19
43.6437,2.9248703570308674e-19
43.7438,-9.688903950171311e-19
43.8439,-6.403345787241665e-19
43.944,-2.5453833667217133e-19
44.0441,-6.592559979266886e-19
44.1442,-2.5658727063856136e-19
44.2443,1.044192621974777e-18
44.3444,2.329031270483771e-19
44.4445,-4.7510301131855625e-20
44.5446,-2.2036915932140796e-19
44.6447,2.0028906259656023e-19
44.7448,1.500569588919659e-19
44.8449,1.2565184182805745e-19
44.945,4.190593054345653e-19
45.0451,4.72837647548679e-19
45.1452,-5.722808136879197e-20
45.2453,-1.299818201816414e-19
45.3454,6.418328839614787e-19
45.4455,4.635736180784964e-19
45.5456,3.117824989420522e-20
45.6457,-4.652977283727761e-22
45.7458,2.49923155206976e-19
45.8459,6.181543973726204e-19
45.946,4.116746507248886e-19
46.0461,-2.603314658778083e-19
46.1462,6.051853692090719e-19
46.2463,-2.375073857455179e-19
46.3464,-3.6483159215843163e-19
46.4465,2.908578638054106e-19
46.5466,-6.08570425108269e-19
46.6467,3.544027053334797e-19
46.7468,-3.83895588010588e-19
46.8469,-2.6296722231972496e-20
46.947,-2.054644367700487e-19
47.0471,3.1504750715129723e-19
47.1472,8.352293800605703e-20
47.2473,4.289566317422579e-20
47.3474,4.84732251609188e-19
47.4475,5.631298542322864e-19
47.5476,-8.440246410749935e-20
47.6477,-2.238016286267193e-19
47.7478,6.94395605808447e-19
47.8479,-7.37275666298403e-20
47.948,-5.272313231593668e-19
48.0481,4.898213094526753e-19
48.1482,-5.501007480718675e-20
48.2483,-6.172158482766274e-19
48.3484,1.1312689883663764e-19
48.4485,-1.9386548501399342e-19
48.5486,5.136415663939853e-19
48.6487,5.184493032438839e-19
48.7488,5.603733073105442e-20
48.8489,2.3684707797742103e-20
48.949,-6.455930205645677e-20
49.0491,-2.7108445715430973e-19
49.1492,-4.158435300130594e-20
49.2493,5.003425139473077e-19
49.3494,1.1409200655028194e-18
49.4495,-5.752987694074576e-19
49.5496,-3.486453499919805e-19
49.6497,-1.5313440291537709e-18
49.7498,8.013916937226922e-20
49.8499,5.920334100635288e-19
49.95,-4.863719836408869e-19
50.0501,1.0797840549829198e-18
50.1502,7.626636415807167e-20
50.2503,8.430198591826537e-19
50.3504,1.2740076857944614e-19
50.4505,-9.423100403998506e-19
50.5506,-3.7103277979896424e-19
50.6507,-1.5732542881068112e-19
50.7508,7.012239722334125e-19
50.8509,5.969667813293711e-19
50.951,1.3865179980599102e-19
51.0511,1.3895684867722916e-19
51.1512,-8.684982256064584e-19
51.2513,-7.020291307216174e-20
51.3514,-1.8609637740569015e-19
51.4515,8.343574044348721e-19
51.5516,-4.850308985932934e-19
51.6517,-2.229706414243317e-19
51.7518,-4.2806105973560885e-19
51.8519,7.082151977649483e-19
51.952,3.823592267430183e-19
52.0521,-3.2310468658823985e-21
52.1522,-5.4531986394577295e-19
52.2523,4.5186802918395705e-19
52.3524,-2.698230155992614e-19
52.4525,-1.5534747071793266e-19
52.5526,2.775384120954218e-19
52.6527,-1.8009312973617984e-19
52.7528,-1.3378638671255066e-19
52.8529,6.376994268313563e-19
52.953,-1.4533486091931886e-18
53.0531,-1.4554783925951163e-18
53.1532,-3.953525258055553e-19
53.2533,5.4095300589750757e-20
53.3534,8.385843276521941e-20
53.4535,1.60594764442507e-19
53.5536,3.973910388762301e-19
53.6537,8.547841052276164e-19
53.7538,-3.969785271377266e-19
53.8539,-2.780642847124186e-19
53.954,-2.985453566028114e-19
54.0541,2.5992793449912397e-20
54.1542,5.727897731216623e-20
54.2543,2.000119517108154e-19
54.3544,5.404507949999881e-20
54.4545,-1.552831211878715e-19
54.5546,-7.503135726059367e-19
54.6547,-4.3279085217532895e-19
54.7548,4.843561912648196e-19
54.8549,3.3535539949732544e-20
54.955,-1.2672993106615613e-19
55.0551,1.092683106646957e-18
55.1552,-6.053098073157074e-20
55.2553,3.564893225349017e-20
55.3554,-4.0398152447333073e-19
55.4555,5.808194483062009e-19
55.5556,-1.787591367777361e-19
55.6557,-4.330974791763894e-19
55.7558,-1.6927084728169762e-19
55.8559,-3.7835437891642426e-19
55.956,-7.30084345093519e-19
56.0561,4.5561675783866046e-20
56.1562,-2.585461538985381e-19
56.2563,1.0680809420310141e-19
56.3564,-1.0324683700156216e-19
56.4565,-3.978788545291335e-19
56.5566,2.496218599818266e-19
56.6567,-5.377105769262392e-19
56.7568,6.186450543380307e-19
56.8569,3.361737324908647e-19
56.957,2.055933250819482e-19
57.0571,3.747535817859056e-19
57.1572,1.3862287257453446e-19
57.2573,2.3910888348088344e-19
57.3574,1.6111309491694646e-19
57.4575,-2.814251213827658e-19
57.5576,9.177373926816308e-19
57.6577,-6.879662240726336e-20
57.7578,1.3177318707560464e-19
57.8579,-5.9474001900316205e-19
57.958,-4.2832124438167143e-19
58.0581,-2.5013283977632196e-20
58.1582,-4.2852707729027484e-20
58.2583,-4.676955164359418e-19
58.3584,5.09950987677646e-19
58.4585,-3.203337310717671e-19
58.5586,-1.227856263993047e-18
58.6587,1.337650494023789e-19
58.7588,-2.9055046996420516e-19
58.8589,-1.7303246006743085e-20
58.959,5.120940322995997e-19
59.0591,1.147861878203261e-18
59.1592,-9.27255349686771e-19
59.2593,1.1227836519512123e-18
59.3594,-5.1679449340709e-19
59.4595,-4.415220781473361e-19
59.5596,-1.8988859385183786e-19
59.6597,-1.5326647110651818e-19
59.7598,7.489831646716857e-19
59.8599,3.165527953343526e-20
59.96,2.1274534489738432e-19
60.0601,-4.15902748357313e-19
60.1602,2.0315488400806265e-19
60.2603,-2.8327799083319797e-19
60.3604,5.032889217366769e-19
60.4605,-8.334698285268073e-19
60.5606,6.419553394416272e-19
60.6607,-8.75197450928442e-19
60.7608,-3.555763393218221e-19
60.8609,-2.946260634006803e-19
60.961,-2.3370219419614998e-20
61.0611,-5.721985176173569e-19
61.1612,-1.9546804236062648e-19
61.2613,1.973694906137447e-19
61.3614,2.880169387795717e-20
61.4615,-6.595220549550041e-20
61.5616,7.36728446170763e-19
61.6617,1.3617432949307917e-18
61.7618,3.4591722197117325e-20
61.8619,-3.2525327466390266e-19
61.962,-3.940092085479663e-20
62.0621,7.903479594697703e-19
62.1622,1.2427825919700753e-19
62.2623,5.715747575836407e-19
62.3624,2.4959216846252726e-19
62.4625,4.449137742289315e-19
62.5626,1.7948844596304645e-19
62.6627,4.609058480821578e-19
62.7628,1.0009936815178954e-19
62.8629,-7.174407311435572e-19
62.963,3.903502826081742e-19
63.0631,2.3221270865920933e-19
63.1632,3.2062155306481934e-19
63.2633,6.825397917121383e-19
63.3634,-1.9516940592570136e-19
63.4635,9.687242632858584e-19
63.5636,-7.405768010381941e-19
63.6637,3.3136840465753495e-19
63.7638,-5.662038465473937e-19
63.8639,5.666329853194259e-19
63.964,-8.597692723673788e-19
64.0641,-2.418649665385175e-19
64.1642,-4.441222795187559e-19
64.2643,-1.9167054805871698e-19
64.3644,-1.1432932455341323e-19
64.4645,-3.7620587610338606e-19
64.5646,1.8395590845604374e-20
64.6647,-2.2585107372222676e-19
64.7648,-9.868257074817616e-20
64.8649,-1.1675941055131082e-19
64.965,-6.969101933280277e-19
65.0651,4.0691698844327697e-19
65.1652,-8.065679555608635e-19
65.2653,2.1265302754027968e-19
65.3654,-6.24957672967949e-19
65.4655,4.7223317389344714e-20
65.5656,6.261102612880496e-21
65.6657,7.773249987548193e-19
65.7658,-7.150275546486661e-19
65.8659,2.974839195660764e-19
65.966,1.090433664748819e-18
66.0661,6.759178791343125e-19
66.1662,-6.35468120968227e-19
66.2663,-6.061469410248686e-21
66.3664,-8.054388538792925e-19
66.4665,1.4049564767712084e-19
66.5666,1.8503710044315457e-20
66.6667,-5.831244296258012e-19
66.7668,2.512070390131333e-20
66.8669,-4.676441978922827e-19
66.967,7.5270492108946655e-19
67.0671,4.898108584546091e-20
67.1672,1.8675533227786917e-19
67.2673,-1.2137319624260323e-21
67.3674,-6.053835908042118e-19
67.4675,-7.072334511685707e-19
67.5676,4.93590736515234e-19
67.6677,-1.0062202887877988e-18
67.7678,-2.7966727885629617e-19
67.8679,7.251467941926488e-19
67.968,-9.043390635330307e-19
68.0681,7.978550001959645e-19
68.1682,6.485828292216064e-19
68.2683,-9.629326476787039e-19
68.3684,-7.730208150881174e-19
68.4685,3.0784195732864507e-19
68.5686,-1.7474674925307678e-18
68.6687,1.0424978366880554e-18
68.7688,-3.1175206467102143e-19
68.8689,1.184924555471973e-19
68.969,4.702114313253472e-19
69.0691,-2.648283556721915e-19
69.1692,-1.919342169052493e-19
69.2693,7.414739237609129e-19
69.3694,-4.799005005631023e-19
69.4695,1.2634272672101564e-19
69.5696,-9.678418054937859e-20
69.6697,-1.0395410611258388e-18
69.7698,2.2826574841669563e-19
69.8699,5.161952948332817e-19
69.97,-5.742134880196716e-19
70.0701,-9.2371643005861e-19
70.1702,6.353688490304312e-19
70.2703,-6.124987183715726e-20
70.3704,-3.0473694531460675e-20
70.4705,-3.895092174366683e-19
70.5706,9.59967213374422e-19
70.6707,-9.739480510251372e-19
70.7708,5.334181181448203e-19
70.8709,8.016921892769498e-19
70.971,-4.1037776934594605e-19
71.0711,5.20184076932111e-19
71.1712,3.060411762813546e-19
71.2713,-6.510108511019504e-19
71.3714,7.289438756320035e-19
71.4715,9.934681756313706e-19
71.5716,9.837989942475489e-19
71.6717,6.440110335219777e-19
71.7718,-1.9896529341419357e-19
71.8719,4.1394918493739795e-19
71.972,6.750677979267565e-19
72.0721,-8.458322526324095e-19
72.1722,1.5476331503521238e-18
72.2723,5.830661820582765e-19
72.3724,1.8853177790624517e-19
72.4725,5.17527111918832e-19
72.5726,-1.0790167685783534e-19
72.6727,1.2139963255944868e-20
72.7728,4.688060874641869e-19
72.8729,5.536266139780957e-19
72.973,-6.037297945902393e-20
73.0731,-1.2387507244155684e-18
73.1732,-9.450262058564932e-19
73.2733,-4.523446569697704e-19
73.3734,-8.892302973582726e-20
73.4735,-6.476908194860955e-20
73.5736,1.1639029419325905e-20
73.6737,2.869634851627202e-19
73.7738,-5.341596320146517e-19
73.8739,-2.123537704269058e-19
73.974,-7.210889585050493e-19
74.0741,-8.045889408726647e-19
74.1742,4.946798454934246e-19
74.2743,-4.337799820182039e-19
74.3744,-9.908936672908774e-20
74.4745,-1.8383240382511342e-19
74.5746,4.987945153681536e-19
74.6747,-8.293364405138593e-19
74.7748,1.0991316857937885e-18
74.8749,-8.160936653430751e-20
74.975,-1.1201700962107683e-20
75.0751,-7.10624091570042e-19
75.1752,-8.169658684689965e-19
75.2753,-1.6572624751510549e-19
75.3754,5.301707092815064e-19
75.4755,4.317167085481842e-19
75.5756,5.764197449277876e-19
75.6757,-6.212247500446728e-19
75.7758,4.865488451796402e-19
75.8759,-3.276416696702103e-19
75.976,2.4909582510005597e-19
76.0761,2.9319524776173975e-19
76.1762,-7.839859668981495e-19
76.2763,4.897202871859536e-19
76.3764,-3.4126278712517923e-19
76.4765,-7.599308080579584e-19
76.5766,-5.458149978792178e-19
76.6767,-4.582818951908131e-19
76.7768,7.531497570124881e-19
76.8769,1.834047187419011e-19
76.977,5.23912799068685e-19
77.0771,6.20991978591591e-19
77.1772,-4.403398828075188e-19
77.2773,4.6943225831077224e-21
77.3774,-4.450508095311298e-19
77.4775,-9.026663913948038e-19
77.5776,-3.203912452611974e-19
77.6777,1.4751453398729887e-18
77.7778,-4.715691135992391e-19
77.8779,-5.982363230029397e-19
77.978,3.887130916167576e-19
78.0781,9.288106721409014e-19
78.1782,-3.589088507865251e-19
78.2783,1.3539988741363143e-18
78.3784,-1.1537633208770681e-19
78.4785,7.665518607797485e-19
78.5786,-1.8582676633870786e-19
78.6787,1.2341344013201685e-18
78.7788,-2.257069625784657e-19
78.8789,3.658086937787549e-19
78.979,2.4441509250072303e-19
79.0791,4.033442651579407e-19
79.1792,2.4389126285025274e-20
79.2793,-1.6778604437773633e-19
79.3794,7.596884206314586e-19
79.4795,-2.9183967121683084e-19
79.5796,1.555362147349046e-18
79.6797,-1.4084155450129722e-19
79.7798,-6.84933158738574e-20
79.8799,-7.451721748560108e-19
79.98,-3.072849348678708e-19
80.0801,2.7081765062563695e-19
80.1802,4.3046083359245022e-19
80.2803,1.5108420749015377e-19
80.3804,1.3532995805778002e-18
80.4805,1.4573083840705327e-18
80.5806,-5.127178566588046e-19
80.6807,2.751251611125062e-19
80.7808,9.66188529191355e-19
80.8809,-3.038494172629954e-19
80.981,6.895539794420927e-19
81.0811,-8.651410808240921e-19
81.1812,4.142175689976824e-19
81.2813,-3.1756643483672336e-19
81.3814,-6.585292963189606e-19
81.4815,3.354573638516442e-19
81.5816,5.50580112444722e-19
81.6817,4.6027617265447905e-19
81.7818,-2.309771151574432e-19
81.8819,6.983905470174169e-19
81.982,-6.17317342207225e-19
82.0821,-4.562073064544379e-19
82.1822,1.7048970170838555e-19
82.2823,1.1569786675991383e-19
82.3824,6.098196166667207e-19
82.4825,4.352926484376767e-19
82.5826,2.308581189277855e-20
82.6827,-3.980128585857591e-19
82.7828,5.665220495072293e-20
82.8829,-2.4826987185746144e-19
82.983,1.4355687882877068e-18
83.0831,-3.6067745159586954e-19
83.1832,5.821118226443096e-19
83.2833,-1.6735865171580343e-19
83.3834,1.571061860279018e-19
83.4835,-1.4246655049435801e-19
83.5836,-6.004060515953515e-19
83.6837,1.9500960342624306e-19
83.7838,-1.7294353256983121e-19
83.8839,7.190939601345307e-19
83.984,2.3879954076449743e-19
84.0841,1.1263412825695766e-19
84.1842,-8.559120394582165e-19
84.2843,-1.561713449477027e-19
84.3844,3.3347777430350456e-19
84.4845,-1.1094666907143653e-18
84.5846,6.655616355217434e-19
84.6847,-5.724878232323226e-19
84.7848,2.2709252865124423e-19
84.8849,7.881601817200857e-19
84.985,-3.5041362931044586e-20
85.0851,-3.8604801157263895e-19
85.1852,-5.779140913642212e-19
85.2853,4.195267678601612e-19
85.3854,5.814126355023824e-20
85.4855,3.737600843054553e-19
85.5856,-3.57126615294018e-19
85.6857,-1.901620639864168e-18
85.7858,4.571443197671255e-19
85.8859,6.05876560641631e-19
85.986,5.206178046585952e-19
86.0861,-1.2648399712335833e-19
86.1862,9.183177216738181e-19
86.2863,2.0146597470188735e-19
86.3864,5.336751859413476e-19
86.4865,-1.0317193663357736e-18
86.5866,4.142464538882308e-19
86.6867,-4.2715403909464005e-19
86.7868,-7.715931635043341e-19
86.8869,2.1825320650542828e-20
86.987,9.458816298424225e-19
87.0871,8.31890079196012e-19
87.1872,-9.438624659582018e-19
87.2873,1.1118357283710548e-18
87.3874,2.461963043037169e-19
87.4875,9.181263964393193e-20
87.5876,-8.3673814437454345e-19
87.6877,-8.287501600649997e-19
87.7878,1.5428298577894113e-19
87.8879,1.3335599007566865e-19
87.988,4.633454688177993e-19
88.0881,-1.0687653721737024e-18
88.1882,-6.152928774598048e-19
88.2883,4.809945701129175e-19
88.3884,4.0723577853657685e-19
88.4885,-3.78023440030628e-19
88.5886,-5.515936964309441e-19
88.6887,1.0683148234447199e-18
88.7888,5.36838857018478e-19
88.8889,-7.427365070581983e-20
88.989,-4.378802377704559e-19
89.0891,-9.645421965391612e-19
89.1892,1.3439390475479658e-19
89.2893,3.8323401817381555e-19
89.3894,-5.925889808675399e-19
89.4895,6.691252635332919e-21
89.5896,-3.266446746411426e-23
89.6897,1.3633253559350398e-18
89.7898,-6.283477508717731e-20
89.8899,3.3481459660430163e-20
89.99,-4.94295810677733e-19
90.0901,1.3970835120621813e-18
90.1902,-1.3623737638454594e-18
90.2903,2.113517561897126e-19
90.3904,-4.49631800500764e-19
90.4905,-6.317884821048074e-19
90.5906,7.762347892700908e-19
90.6907,2.584933427003861e-19
90.7908,-6.813994647584661e-19
90.8909,-1.1790354055063962e-20
90.991,-1.9751975616004735e-18
91.0911,3.1011496225037716e-20
91.1912,6.108210484186246e-19
91.2913,2.283226293424311e-19
91.3914,6.86816164386048e-20
91.4915,2.936219329020727e-19
91.5916,-1.9565400011734946e-19
91.6917,-6.469592056113412e-19
91.7918,-1.1293962681204167e-19
91.8919,-4.1996722716973464e-19
91.992,4.308275601911516e-19
92.0921,-1.8174945345876661e-19
92.1922,1.5425956608679872e-19
92.2923,7.133089538015059e-19
92.3924,-1.146189861329892e-19
92.4925,1.0538711663489627e-18
92.5926,7.88217633041638e-19
92.6927,9.630515093247779e-20
92.7928,7.134924320088611e-19
92.8929,5.125382475771111e-19
92.993,-4.248733527808508e-19
93.0931,1.802555050164112e-18
93.1932,-1.9304386209053522e-19
93.2933,4.702274677822861e-19
93.3934,5.473522038751274e-19
93.4935,1.5839991255480863e-19
93.5936,5.249698650727644e-19
93.6937,4.1128681470503573e-19
93.7938,-3.555630720888883e-19
93.8939,1.2504020574611846e-18
93.994,-1.8646049297610444e-19
94.0941,-2.3707859317383842e-20
94.1942,-1.075587864503708e-19
94.2943,-1.3860019243108902e-18
94.3944,-8.260480333553456e-19
94.4945,6.851593016007663e-19
94.5946,-7.656678716649738e-19
94.6947,8.007737013925566e-19
94.7948,7.960703705279103e-19
94.8949,-2.2389239755158254e-19
94.995,-2.657490186030531e-19
95.0951,9.012333078913798e-20
95.1952,-1.3545941854065852e-19
95.2953,-5.605282338949416e-19
95.3954,4.4034304843058135e-19
95.4955,-3.1672061765262807e-19
95.5956,1.8045649688858893e-18
95.6957,-1.3331025043431557e-19
95.7958,6.096883730915365e-19
95.8959,-1.020242709239783e-18
95.996,-8.197993597740458e-19
96.0961,-1.7754216189829044e-18
96.1962,-3.863608325351661e-19
96.2963,-9.717935398130763e-19
96.3964,-6.498948553676525e-19
96.4965,4.426131537173731e-19
96.5966,9.004093686637148e-19
96.6967,1.0856382964568775e-18
96.7968,1.4919362834821116e-18
96.8969,1.137064180605538e-18
96.997,-4.038296177354031e-19
97.0971,-2.3682398050469367e-18
97.1972,-9.977271771444434e-19
97.2973,-4.675986686983486e-19
97.3974,-1.8241761277604046e-19
97.4975,-8.017953694804183e-19
97.5976,7.730465410709906e-19
97.6977,-2.0942369150836667e-19
97.7978,-2.059210524003396e-18
97.8979,4.951722237253973e-19
97.998,2.758993973410904e-19
98.0981,-6.197376817548712e-19
98.1982,-4.807954399851747e-19
98.2983,-1.8959033553455708e-19
98.3984,1.7295882426930232e-19
98.4985,1.2105845196785168e-18
98.5986,-6.450815372317481e-19
98.6987,2.428528622359838e-19
98.7988,3.090334386452782e-19
98.8989,2.3810758147921937e-19
98.999,1.0594843579179699e-18
99.0991,-1.4787715874566184e-19
99.1992,8.032359832786501e-19
99.2993,-1.759954163653113e-18
99.3994,1.5938497799633082e-19
99.4995,1.108350921209412e-18
99.5996,-9.507761103981906e-20
99.6997,1.2663175735705953e-19
99.7998,4.0374488359918824e-19
99.8999,7.044953564749644e-19
100.0,-5.210281939884925e-19
